version,threshold,training_size,is_candidate,accuracy,precision,recall,f1,roc_auc,pr_auc,tn,fp,fn,tp,verified_feedback_count,delta_accuracy_vs_V4,delta_precision_vs_V4,delta_recall_vs_V4,delta_f1_vs_V4,delta_roc_auc_vs_V4,delta_pr_auc_vs_V4
V4 (active),0.38,339166,False,0.863206,0.494827,0.315456,0.385288,0.826499,0.422913,69558,3711,7888,3635,,,,,,,
V4 (active),0.5,339166,False,0.869599,0.563178,0.180248,0.273092,0.826499,0.422913,71658,1611,9446,2077,,,,,,,
VA-0001,0.38,288291,True,0.86323,0.49498,0.316584,0.386175,0.826524,0.422662,69547,3722,7875,3648,16959.0,2.4e-05,0.000153,0.001128,0.000887,2.5e-05,-0.000252
VA-0001,0.5,288291,True,0.86961,0.563365,0.180161,0.273014,0.826524,0.422662,71660,1609,9447,2076,16959.0,1.2e-05,0.000187,-8.7e-05,-7.8e-05,2.5e-05,-0.000252
VA-0002,0.38,305250,True,0.863112,0.49431,0.316671,0.386035,0.826486,0.42262,69536,3733,7874,3649,33918.0,-9.4e-05,-0.000517,0.001215,0.000747,-1.3e-05,-0.000293
VA-0002,0.5,305250,True,0.869563,0.562416,0.181029,0.273897,0.826486,0.42262,71646,1623,9437,2086,33918.0,-3.5e-05,-0.000762,0.000781,0.000805,-1.3e-05,-0.000293
VA-0003,0.38,322208,True,0.863136,0.494465,0.317886,0.386984,0.826482,0.422592,69524,3745,7860,3663,50876.0,-7.1e-05,-0.000362,0.00243,0.001696,-1.7e-05,-0.000321
VA-0003,0.5,322208,True,0.869504,0.56146,0.18155,0.274379,0.826482,0.422592,71635,1634,9431,2092,50876.0,-9.4e-05,-0.001718,0.001302,0.001287,-1.7e-05,-0.000321
VA-0004,0.38,339166,True,0.863077,0.494138,0.318233,0.387141,0.826484,0.422534,69515,3754,7856,3667,67834.0,-0.00013,-0.000689,0.002777,0.001853,-1.5e-05,-0.00038
VA-0004,0.5,339166,True,0.86954,0.56168,0.182157,0.275098,0.826484,0.422534,71631,1638,9424,2099,67834.0,-5.9e-05,-0.001497,0.001909,0.002006,-1.5e-05,-0.00038
