version,threshold,training_size,feedback_quarters_added,accuracy,precision,recall,f1,roc_auc,pr_auc,tn,fp,fn,tp
V0,0.38,271332,0,0.863218,0.494882,0.314675,0.384721,0.826545,0.422946,69568,3701,7897,3626
V0,0.5,271332,0,0.869528,0.562636,0.179294,0.271932,0.826545,0.422946,71663,1606,9457,2066
V1,0.38,288291,1,0.863159,0.494534,0.314068,0.384162,0.82655,0.422978,69570,3699,7904,3619
V1,0.5,288291,1,0.869551,0.562943,0.179294,0.271967,0.82655,0.422978,71665,1604,9457,2066
V2,0.38,305250,2,0.863348,0.495631,0.315022,0.385207,0.826518,0.422912,69575,3694,7893,3630
V2,0.5,305250,2,0.869481,0.562227,0.178773,0.271285,0.826518,0.422912,71665,1604,9463,2060
V3,0.38,322208,3,0.863124,0.494356,0.315456,0.385145,0.826508,0.422962,69551,3718,7888,3635
V3,0.5,322208,3,0.869563,0.563096,0.179294,0.271985,0.826508,0.422962,71666,1603,9457,2066
V4,0.38,339166,4,0.863206,0.494827,0.315456,0.385288,0.826499,0.422913,69558,3711,7888,3635
V4,0.5,339166,4,0.869599,0.563178,0.180248,0.273092,0.826499,0.422913,71658,1611,9446,2077
